math,science,logical,creative,tech,business,career
53,54,9,7,4,6,Lawyer
81,59,7,3,7,5,Data Analyst
86,65,7,9,3,4,Architect
68,84,6,6,6,2,Biomedical Researcher
88,50,6,9,6,5,Architect
78,55,9,9,5,4,Architect
76,91,6,4,7,2,Biomedical Researcher
73,96,7,4,5,3,Doctor
95,83,8,4,8,3,AI Engineer
80,73,7,9,5,4,Architect
84,81,10,2,10,2,AI Engineer
77,66,6,9,5,5,Architect
84,68,9,3,5,10,Finance Analyst
63,43,4,7,4,9,Marketing Manager
75,76,8,4,8,5,Data Analyst
76,69,7,3,8,5,Data Analyst
76,70,8,3,10,3,Cybersecurity Analyst
77,73,7,4,8,4,Software Engineer
87,96,6,5,4,3,Doctor
64,49,9,6,3,7,Lawyer
77,77,9,3,9,2,Cybersecurity Analyst
89,92,8,4,4,3,Doctor
64,68,5,7,4,3,Teacher
89,54,8,3,6,10,Finance Analyst
66,63,6,8,4,4,Teacher
87,83,9,5,10,3,AI Engineer
35,39,5,10,6,7,Content Creator
79,92,8,7,5,3,Biomedical Researcher
75,57,7,8,5,9,Product Manager
87,86,9,4,9,5,AI Engineer
76,75,7,3,9,2,Cybersecurity Analyst
65,95,6,4,5,3,Biomedical Researcher
46,41,6,7,4,10,Marketing Manager
78,89,8,6,5,1,Biomedical Researcher
82,57,8,4,6,10,Finance Analyst
61,49,6,9,7,6,UI/UX Designer
66,64,7,5,3,8,Civil Services
79,68,6,9,4,4,Architect
87,55,8,3,3,10,Finance Analyst
66,74,7,4,7,5,Data Analyst
91,87,10,3,10,2,AI Engineer
59,73,6,7,1,4,Teacher
74,63,10,4,8,7,Data Analyst
54,48,4,8,5,9,Marketing Manager
71,70,8,5,3,8,Civil Services
72,56,6,7,6,9,Product Manager
51,56,7,7,4,10,Marketing Manager
73,97,8,6,4,1,Biomedical Researcher
90,87,9,5,9,3,AI Engineer
69,65,8,7,2,9,Civil Services
67,69,8,5,2,8,Civil Services
83,68,7,6,10,4,Software Engineer
56,67,7,8,4,5,Psychologist
81,69,8,4,9,2,Software Engineer
83,90,8,6,5,2,Biomedical Researcher
91,93,7,5,3,2,Doctor
53,40,5,9,6,7,Content Creator
84,99,8,5,5,4,Doctor
44,41,5,9,7,8,Content Creator
74,70,7,4,7,5,Data Analyst
58,52,6,8,3,4,Psychologist
77,73,10,2,10,3,Cybersecurity Analyst
68,67,8,7,3,9,Civil Services
82,57,8,4,5,10,Finance Analyst
63,71,6,10,3,5,Teacher
64,56,8,6,4,7,Lawyer
82,93,7,5,4,3,Biomedical Researcher
64,65,9,5,3,9,Civil Services
88,75,9,3,10,3,AI Engineer
55,62,5,7,3,7,Psychologist
48,61,5,7,3,6,Psychologist
56,57,6,10,7,6,UI/UX Designer
58,67,6,8,4,6,Psychologist
82,58,8,3,6,9,Finance Analyst
67,60,4,8,5,8,Product Manager
72,73,7,3,8,7,Data Analyst
66,68,7,6,4,8,Civil Services
52,50,6,6,6,9,Product Manager
62,61,7,5,8,6,Data Analyst
53,43,10,7,1,7,Lawyer
85,86,10,3,10,3,AI Engineer
57,57,5,6,6,9,Product Manager
54,61,6,8,2,5,Psychologist
69,65,7,7,2,8,Civil Services
94,93,9,4,4,3,Doctor
54,67,6,8,3,6,Psychologist
53,61,9,7,3,6,Lawyer
56,53,4,10,7,4,UI/UX Designer
70,68,7,3,7,5,Data Analyst
81,98,8,4,4,2,Doctor
60,67,8,7,3,8,Civil Services
84,97,8,5,5,3,Doctor
82,66,8,4,9,4,Software Engineer
75,68,7,4,7,6,Data Analyst
62,72,5,8,4,5,Teacher
54,45,8,7,2,8,Lawyer
73,69,8,3,9,3,Cybersecurity Analyst
54,41,4,10,5,6,Content Creator
66,70,8,5,2,8,Civil Services
62,58,6,8,4,5,Teacher
73,100,7,6,5,2,Biomedical Researcher
71,89,5,5,4,3,Biomedical Researcher
60,51,6,10,5,5,UI/UX Designer
91,62,7,9,5,4,Architect
81,83,10,6,9,5,Software Engineer
79,97,8,5,4,3,Biomedical Researcher
51,41,6,8,4,9,Marketing Manager
75,70,8,3,9,6,Data Analyst
50,59,4,7,2,9,Marketing Manager
61,46,6,5,5,10,Marketing Manager
64,58,7,7,5,9,Product Manager
55,61,6,9,3,4,Psychologist
84,70,9,3,5,9,Finance Analyst
61,44,10,7,3,8,Lawyer
57,53,6,7,7,9,Product Manager
41,38,5,10,5,5,UI/UX Designer
76,59,7,5,5,10,Finance Analyst
71,100,6,6,6,3,Biomedical Researcher
71,66,7,5,7,7,Data Analyst
61,67,7,6,2,7,Civil Services
55,42,9,7,4,7,Lawyer
77,65,8,4,6,9,Finance Analyst
89,48,7,5,6,10,Finance Analyst
60,47,5,10,6,4,UI/UX Designer
47,44,5,9,7,5,UI/UX Designer
72,67,8,5,3,8,Civil Services
51,52,6,10,6,6,UI/UX Designer
75,89,7,5,8,2,Biomedical Researcher
54,44,3,10,9,7,Content Creator
74,74,7,3,7,6,Data Analyst
59,72,7,7,3,5,Teacher
54,53,10,7,2,7,Lawyer
82,80,10,3,9,2,Cybersecurity Analyst
60,56,3,7,4,10,Marketing Manager
60,51,6,8,5,9,Product Manager
46,33,5,9,6,7,Content Creator
56,68,5,9,4,4,Teacher
59,70,6,8,5,5,Teacher
82,97,9,4,4,3,Doctor
78,65,10,6,2,7,Civil Services
87,66,8,10,4,5,Architect
73,68,8,3,6,5,Data Analyst
80,97,8,3,3,4,Doctor
65,58,7,6,6,9,Product Manager
70,71,9,6,3,8,Civil Services
60,49,7,8,4,10,Marketing Manager
78,69,9,2,9,2,Cybersecurity Analyst
82,59,7,9,4,4,Architect
77,88,7,4,9,3,Software Engineer
92,83,9,4,9,2,AI Engineer
85,97,8,4,4,4,Doctor
79,86,7,5,4,3,Biomedical Researcher
44,46,5,7,2,10,Marketing Manager
43,36,2,9,6,7,Content Creator
79,69,7,4,8,5,Data Analyst
87,79,9,5,8,3,Software Engineer
49,48,4,7,4,10,Marketing Manager
82,97,8,4,7,3,Doctor
44,45,5,6,5,10,Marketing Manager
75,95,7,5,3,3,Doctor
83,76,9,3,10,5,Cybersecurity Analyst
61,54,6,7,7,9,Product Manager
88,96,9,3,10,4,AI Engineer
45,48,5,9,6,7,Content Creator
51,70,5,8,2,3,Teacher
65,65,6,10,2,5,Psychologist
75,93,8,5,5,3,Doctor
49,42,6,9,5,6,Content Creator
85,69,7,3,9,3,Software Engineer
61,55,10,7,2,6,Lawyer
91,52,9,4,4,9,Finance Analyst
72,74,10,2,9,3,Cybersecurity Analyst
60,76,5,9,4,5,Teacher
54,49,9,7,2,8,Lawyer
48,51,5,9,7,4,UI/UX Designer
83,67,6,9,5,2,Architect
65,52,7,7,7,10,Product Manager
86,73,7,9,5,4,Architect
71,64,5,7,5,9,Product Manager
82,92,7,4,5,4,Doctor
69,57,7,9,6,3,Architect
62,59,6,7,5,9,Product Manager
52,57,9,8,1,8,Lawyer
54,30,3,9,4,8,Content Creator
68,48,7,6,6,9,Product Manager
81,73,10,4,8,4,Cybersecurity Analyst
61,72,6,7,3,3,Teacher
92,98,7,5,5,3,Doctor
43,36,3,9,6,7,Content Creator
43,43,5,10,4,7,Content Creator
63,53,5,8,5,9,Marketing Manager
75,79,8,3,10,5,Data Analyst
55,63,5,8,4,6,Psychologist
83,65,9,4,8,3,Software Engineer
79,86,9,5,10,2,AI Engineer
57,58,5,10,6,5,UI/UX Designer
75,60,9,3,6,9,Finance Analyst
68,60,7,7,3,10,Product Manager
78,70,8,3,9,2,Cybersecurity Analyst
75,53,7,5,3,8,Civil Services
63,48,10,9,3,5,Lawyer
50,57,5,8,2,10,Marketing Manager
87,73,9,4,9,3,Software Engineer
76,85,10,4,9,3,Cybersecurity Analyst
49,41,6,9,5,6,UI/UX Designer
84,70,8,3,10,3,Software Engineer
56,62,6,7,5,5,Psychologist
79,63,7,8,3,5,Architect
90,64,7,3,5,10,Finance Analyst
81,88,9,4,10,3,AI Engineer
64,47,9,8,2,7,Lawyer
82,81,9,3,9,4,AI Engineer
66,79,8,5,8,6,Data Analyst
71,76,8,5,10,4,Software Engineer
78,71,9,3,9,3,Cybersecurity Analyst
58,44,10,6,2,7,Lawyer
30,48,5,10,7,8,Content Creator
69,76,9,5,7,5,Data Analyst
51,46,3,10,8,6,UI/UX Designer
32,37,3,9,7,7,Content Creator
66,93,5,5,5,3,Biomedical Researcher
82,73,8,4,8,3,Software Engineer
53,51,4,8,5,10,Marketing Manager
52,33,4,9,7,7,Content Creator
54,38,9,7,2,8,Lawyer
59,68,6,7,3,5,Teacher
43,46,6,9,6,6,UI/UX Designer
81,90,9,4,9,3,AI Engineer
84,90,8,4,3,3,Doctor
53,51,6,10,5,4,UI/UX Designer
62,72,5,8,2,5,Teacher
80,66,6,6,8,4,Software Engineer
83,98,8,5,5,4,Doctor
59,61,6,8,3,3,Psychologist
55,46,9,8,2,7,Lawyer
80,69,6,4,8,6,Data Analyst
85,57,9,4,5,10,Finance Analyst
79,90,8,5,5,4,Biomedical Researcher
85,71,7,8,6,3,Architect
58,52,3,6,5,10,Marketing Manager
70,78,9,5,10,2,Cybersecurity Analyst
67,61,8,6,2,8,Civil Services
55,39,5,5,4,9,Marketing Manager
72,97,9,5,5,4,Biomedical Researcher
63,69,6,7,3,5,Psychologist
90,81,9,4,10,2,AI Engineer
70,51,7,6,4,9,Product Manager
68,74,7,9,3,5,Teacher
78,70,6,6,6,9,Product Manager
79,82,7,9,4,3,Architect
91,62,8,4,4,9,Finance Analyst
71,69,9,5,8,6,Data Analyst
73,57,8,3,5,9,Finance Analyst
46,48,5,10,6,3,UI/UX Designer
54,60,7,8,4,7,Psychologist
86,37,8,2,5,10,Finance Analyst
58,47,5,6,5,9,Marketing Manager
52,54,4,7,4,10,Marketing Manager
73,71,6,7,2,4,Teacher
78,64,7,8,6,4,Architect
88,90,9,4,10,2,AI Engineer
65,67,5,8,4,4,Teacher
88,87,10,4,9,3,AI Engineer
54,66,6,6,4,7,Civil Services
89,63,5,3,6,10,Finance Analyst
64,62,7,6,3,8,Civil Services
70,79,8,4,9,6,Data Analyst
81,63,7,6,8,3,Software Engineer
88,76,7,7,9,4,Software Engineer
83,65,8,2,4,10,Finance Analyst
77,70,6,9,5,3,Architect
62,65,6,8,3,5,Teacher
47,53,4,10,5,5,UI/UX Designer
73,63,6,5,1,8,Civil Services
60,80,7,9,4,4,Teacher
69,75,7,8,3,5,Teacher
62,43,5,6,5,10,Marketing Manager
51,41,4,10,7,5,UI/UX Designer
58,69,6,8,2,5,Psychologist
80,68,9,3,10,4,Software Engineer
58,68,6,7,2,4,Teacher
58,69,6,8,3,4,Psychologist
72,77,7,3,9,2,Cybersecurity Analyst
52,64,4,8,4,5,Psychologist
81,65,6,9,4,5,Architect
93,84,9,5,9,2,AI Engineer
73,71,8,4,8,5,Data Analyst
80,98,9,4,4,3,Doctor
96,85,10,4,9,4,AI Engineer
73,65,8,5,9,2,Software Engineer
82,63,7,8,5,3,Architect
66,65,8,7,5,9,Civil Services
52,60,7,8,3,5,Psychologist
65,60,8,7,1,8,Civil Services
64,61,5,8,4,10,Marketing Manager
63,73,8,5,7,5,Data Analyst
84,81,10,6,10,4,AI Engineer
88,91,9,5,3,2,Doctor
69,43,9,7,1,7,Lawyer
48,45,4,10,7,5,UI/UX Designer
51,53,3,6,3,10,Marketing Manager
88,88,10,5,10,4,AI Engineer
57,63,6,7,1,5,Teacher
51,76,7,8,3,5,Psychologist
52,61,8,8,6,10,Product Manager
66,59,4,7,3,6,Teacher
44,35,5,10,6,6,Content Creator
76,63,9,9,6,5,Architect
71,100,7,5,7,3,Biomedical Researcher
85,81,9,4,10,3,AI Engineer
89,69,8,4,4,10,Finance Analyst
72,58,7,6,3,7,Civil Services
39,42,3,10,6,7,Content Creator
68,92,8,5,5,4,Biomedical Researcher
78,62,9,5,5,9,Finance Analyst
55,50,5,7,4,8,Marketing Manager
74,63,9,6,3,8,Civil Services
66,67,8,6,3,8,Civil Services
65,53,9,8,3,7,Lawyer
59,60,8,6,3,7,Civil Services
81,81,8,4,8,4,AI Engineer
93,92,8,2,3,4,Doctor
80,77,9,6,9,4,Software Engineer
73,82,7,5,9,6,Data Analyst
73,95,7,5,5,3,Biomedical Researcher
56,52,3,6,5,9,Marketing Manager
67,83,7,8,4,4,Teacher
63,46,5,6,4,9,Marketing Manager
63,71,8,5,2,8,Civil Services
52,69,6,7,6,9,Product Manager
47,53,4,9,7,6,UI/UX Designer
65,33,6,6,5,9,Marketing Manager
72,75,7,5,4,9,Civil Services
53,51,5,6,4,10,Marketing Manager
78,70,9,4,7,6,Data Analyst
84,89,8,5,3,3,Doctor
70,82,6,4,8,6,Data Analyst
84,79,8,5,8,4,Software Engineer
80,60,8,3,4,10,Finance Analyst
73,38,10,8,3,8,Lawyer
64,65,6,8,4,4,Psychologist
79,83,8,4,6,4,Data Analyst
64,74,6,9,3,5,Teacher
69,59,5,8,6,9,Product Manager
57,56,5,7,5,9,Marketing Manager
58,73,9,7,4,9,Civil Services
77,78,8,5,6,6,Data Analyst
53,68,7,7,4,5,Teacher
64,68,8,6,2,9,Civil Services
74,93,8,7,4,3,Biomedical Researcher
77,71,9,3,9,3,Software Engineer
53,42,3,9,9,3,UI/UX Designer
58,50,6,8,3,6,Psychologist
71,62,10,6,2,8,Civil Services
81,94,10,3,10,3,AI Engineer
55,42,5,8,4,9,Marketing Manager
59,63,9,6,2,6,Lawyer
84,93,7,5,5,3,Doctor
60,58,6,8,4,7,Psychologist
44,42,6,9,6,8,Content Creator
43,49,4,9,6,5,UI/UX Designer
78,79,7,3,8,6,Data Analyst
67,49,7,7,6,8,Product Manager
82,63,8,5,9,4,Software Engineer
78,78,9,2,10,2,Cybersecurity Analyst
56,53,6,9,5,6,UI/UX Designer
78,90,7,4,3,3,Doctor
75,70,8,4,6,4,Data Analyst
42,51,4,9,5,7,Content Creator
74,70,6,3,7,5,Data Analyst
73,65,9,7,3,8,Civil Services
52,40,8,6,2,8,Lawyer
93,86,9,2,9,2,AI Engineer
86,98,7,5,4,4,Doctor
68,65,8,6,2,7,Civil Services
69,56,7,6,2,9,Civil Services
52,45,5,9,7,6,UI/UX Designer
57,54,9,7,3,6,Lawyer
57,48,7,7,2,5,Teacher
53,61,5,8,3,5,Psychologist
55,68,5,8,4,7,Psychologist
79,90,6,5,4,2,Biomedical Researcher
48,40,4,10,8,4,UI/UX Designer
80,97,6,5,6,3,Doctor
51,62,5,7,2,4,Psychologist
65,64,5,8,6,9,Product Manager
54,41,6,8,2,10,Marketing Manager
50,59,5,8,4,5,Psychologist
46,59,5,8,4,9,Marketing Manager
71,59,10,6,2,9,Civil Services
65,54,9,6,3,6,Lawyer
88,90,7,6,5,3,Doctor
51,56,5,9,6,4,UI/UX Designer
79,85,9,5,10,3,Cybersecurity Analyst
50,51,5,8,5,9,Marketing Manager
73,94,7,4,4,3,Biomedical Researcher
68,72,8,9,4,3,Architect
95,96,8,4,5,2,Doctor
71,71,8,4,8,6,Data Analyst
61,50,5,7,3,10,Marketing Manager
81,88,6,5,5,2,Biomedical Researcher
82,71,7,4,10,3,Software Engineer
59,42,6,8,6,9,Product Manager
86,77,9,2,10,3,Cybersecurity Analyst
38,42,4,9,8,6,UI/UX Designer
86,64,8,3,5,9,Finance Analyst
69,69,6,8,4,5,Teacher
72,71,9,4,9,6,Data Analyst
76,70,8,4,5,9,Finance Analyst
50,47,3,10,7,6,Content Creator
62,39,4,8,4,10,Marketing Manager
91,66,10,3,10,3,Cybersecurity Analyst
70,53,9,6,2,7,Lawyer
73,92,6,7,5,2,Biomedical Researcher
96,81,10,4,9,3,AI Engineer
45,61,5,9,2,6,Psychologist
80,68,8,4,6,7,Data Analyst
86,85,9,3,9,2,AI Engineer
74,74,8,6,9,4,Software Engineer
63,60,9,7,1,6,Lawyer
72,88,8,2,9,3,Cybersecurity Analyst
68,72,7,4,7,6,Data Analyst
85,56,7,9,4,3,Architect
56,52,6,7,2,10,Marketing Manager
54,71,6,8,4,5,Psychologist
60,45,9,8,2,8,Lawyer
71,78,7,9,7,4,Architect
75,65,8,4,5,10,Finance Analyst
86,64,9,4,6,9,Finance Analyst
75,66,7,9,6,4,Architect
46,39,3,10,5,5,UI/UX Designer
68,57,8,6,2,7,Civil Services
79,59,7,9,2,4,Architect
48,53,6,6,4,9,Marketing Manager
65,73,7,7,4,4,Teacher
56,73,4,8,3,6,Teacher
51,43,4,9,6,7,Content Creator
70,97,7,4,5,1,Biomedical Researcher
57,47,6,10,8,6,UI/UX Designer
73,65,9,6,3,9,Civil Services
48,41,5,10,7,7,UI/UX Designer
86,69,8,5,9,4,Software Engineer
48,56,6,7,3,5,Psychologist
65,50,5,7,5,10,Marketing Manager
62,63,5,9,3,5,Psychologist
53,43,5,7,4,9,Marketing Manager
76,91,7,6,2,4,Biomedical Researcher
51,67,5,7,2,7,Psychologist
79,81,9,2,10,4,Cybersecurity Analyst
74,63,7,9,5,3,Architect
77,81,9,4,10,5,Software Engineer
77,60,5,8,5,4,Architect
91,82,10,4,9,3,AI Engineer
37,41,5,10,5,7,Content Creator
53,54,8,8,3,7,Lawyer
70,61,8,7,2,8,Civil Services
82,67,7,5,8,6,Data Analyst
57,42,9,7,3,7,Lawyer
66,69,8,5,3,8,Civil Services
53,59,5,9,4,5,UI/UX Designer
74,71,8,2,8,7,Data Analyst
45,37,5,9,6,4,UI/UX Designer
86,69,10,4,9,2,Cybersecurity Analyst
85,50,8,3,5,10,Finance Analyst
41,59,4,10,7,5,UI/UX Designer
76,60,7,3,9,5,Data Analyst
78,67,8,4,10,3,Software Engineer
76,84,6,6,5,2,Biomedical Researcher
85,69,7,6,10,3,Software Engineer
74,91,8,4,7,2,Biomedical Researcher
42,37,5,9,6,5,UI/UX Designer
59,55,4,8,4,10,Marketing Manager
69,54,5,6,6,9,Product Manager
85,64,8,10,3,4,Architect
90,94,7,4,3,3,Doctor
48,54,4,10,7,5,UI/UX Designer
72,75,10,2,9,2,Cybersecurity Analyst
54,37,6,9,7,4,UI/UX Designer
68,69,7,4,7,6,Data Analyst
47,60,7,8,1,4,Psychologist
62,58,9,7,2,6,Lawyer
64,70,6,9,2,5,Psychologist
72,73,8,5,8,5,Data Analyst
44,44,4,9,6,5,UI/UX Designer
56,54,6,8,4,5,Psychologist
70,69,7,9,4,4,Architect
69,77,8,3,9,3,Cybersecurity Analyst
79,79,7,4,8,6,Data Analyst
77,97,7,5,7,2,Biomedical Researcher
53,48,4,10,7,4,UI/UX Designer
69,68,8,6,3,8,Civil Services
42,43,4,10,6,5,UI/UX Designer
71,55,9,7,1,6,Lawyer
48,47,5,7,3,9,Marketing Manager
56,67,8,7,6,10,Product Manager
57,55,7,6,6,8,Product Manager
81,58,7,9,5,4,Architect
44,56,5,9,6,5,UI/UX Designer
66,63,8,7,3,9,Civil Services
79,63,9,4,9,4,Cybersecurity Analyst
81,97,7,5,3,3,Doctor
54,44,3,8,5,9,Marketing Manager
78,84,6,4,3,2,Biomedical Researcher
61,61,6,8,3,5,Psychologist
80,60,8,5,4,7,Civil Services
66,70,6,9,4,4,Teacher
58,58,6,8,2,7,Psychologist
86,79,8,5,9,3,Software Engineer
69,64,5,8,4,5,Teacher
47,39,2,9,6,7,Content Creator
84,78,8,5,8,3,Software Engineer
72,62,8,4,7,5,Data Analyst
57,64,3,8,5,9,Marketing Manager
65,65,6,9,4,4,Psychologist
65,73,6,8,4,4,Teacher
86,96,7,4,3,4,Doctor
58,61,6,6,8,9,Product Manager
82,65,7,3,9,4,Data Analyst
65,53,9,6,4,7,Civil Services
83,55,6,3,6,10,Finance Analyst
74,89,7,4,2,2,Doctor
79,65,7,4,8,6,Data Analyst
75,100,8,5,5,4,Doctor
82,74,10,3,10,4,Cybersecurity Analyst
73,72,8,3,10,3,Cybersecurity Analyst
53,53,6,7,5,9,Product Manager
52,52,5,7,4,10,Marketing Manager
72,70,8,4,7,7,Data Analyst
66,65,7,7,6,9,Product Manager
76,68,9,9,6,5,Architect
83,69,8,3,5,10,Finance Analyst
71,70,4,7,4,3,Teacher
85,86,8,3,10,3,AI Engineer
78,71,8,3,10,3,Cybersecurity Analyst
77,95,7,4,3,3,Biomedical Researcher
69,70,7,6,4,4,Teacher
70,66,7,5,3,8,Civil Services
69,95,7,5,3,3,Biomedical Researcher
39,59,6,9,7,5,UI/UX Designer
71,70,5,8,5,3,Teacher
85,81,8,5,9,4,Software Engineer
55,48,4,10,5,8,Content Creator
87,41,7,3,5,9,Finance Analyst
44,54,4,9,6,7,Content Creator
62,68,6,8,4,6,Psychologist
75,84,6,3,5,3,Biomedical Researcher
79,76,9,3,9,3,Cybersecurity Analyst
53,43,9,8,3,8,Lawyer
59,72,5,8,3,4,Teacher
57,51,10,7,2,7,Lawyer
57,58,6,7,3,10,Marketing Manager
86,84,9,5,10,1,AI Engineer
60,60,7,4,8,6,Data Analyst
91,66,8,5,6,10,Finance Analyst
86,85,10,4,9,3,AI Engineer
50,46,5,9,4,8,Content Creator
90,99,7,3,4,3,Doctor
60,49,8,8,3,8,Lawyer
89,85,9,3,9,3,AI Engineer
71,69,8,5,4,9,Civil Services
53,44,5,9,5,5,UI/UX Designer
76,70,6,7,2,2,Teacher
83,91,7,5,5,2,Biomedical Researcher
60,55,7,6,7,9,Product Manager
49,50,5,8,4,10,Marketing Manager
85,49,8,3,5,9,Finance Analyst
75,68,5,7,2,5,Teacher
66,58,6,7,7,9,Product Manager
78,65,7,3,6,10,Finance Analyst
88,86,10,3,10,2,AI Engineer
75,68,7,10,6,5,Architect
81,58,8,9,4,6,Architect
81,61,8,10,4,4,Architect
52,65,6,8,3,6,Psychologist
42,36,4,8,7,4,UI/UX Designer
85,61,8,2,5,9,Finance Analyst
39,50,3,7,6,9,Marketing Manager
51,32,4,10,5,7,Content Creator
55,52,9,7,4,7,Lawyer
59,86,5,8,3,2,Teacher
49,78,6,9,3,5,Psychologist
61,49,10,7,2,8,Lawyer
60,62,6,8,3,6,Psychologist
74,61,9,4,8,6,Data Analyst
66,87,6,4,6,2,Biomedical Researcher
35,38,4,8,8,5,UI/UX Designer
87,72,7,9,4,3,Architect
83,94,8,5,2,3,Doctor
76,57,8,4,8,6,Data Analyst
66,73,8,4,10,3,Software Engineer
61,42,9,6,1,7,Lawyer
90,75,9,3,9,3,Cybersecurity Analyst
63,75,6,8,3,5,Teacher
55,69,6,7,4,5,Psychologist
53,56,8,7,1,7,Lawyer
91,83,8,6,8,4,Software Engineer
67,67,7,6,2,8,Civil Services
65,73,6,7,4,4,Teacher
80,93,7,5,5,2,Biomedical Researcher
74,92,8,5,3,4,Biomedical Researcher
60,59,7,6,7,10,Product Manager
56,51,6,7,4,9,Marketing Manager
58,45,6,7,5,10,Marketing Manager
56,34,6,10,6,7,Content Creator
75,66,7,9,5,1,Architect
80,53,9,9,7,4,Architect
45,41,5,9,5,7,Content Creator
58,60,6,8,3,6,Psychologist
77,71,8,5,8,5,Data Analyst
71,61,8,5,4,8,Civil Services
84,60,9,3,7,9,Finance Analyst
54,57,4,7,3,9,Marketing Manager
75,95,9,5,5,2,Biomedical Researcher
56,62,6,8,3,5,Psychologist
76,92,7,6,3,2,Doctor
71,52,8,5,3,8,Civil Services
84,78,7,4,5,10,Finance Analyst
43,42,5,10,7,6,Content Creator
62,56,6,5,5,9,Product Manager
77,90,8,4,4,3,Biomedical Researcher
78,96,6,4,3,3,Doctor
35,35,5,10,6,7,Content Creator
63,58,7,6,5,9,Product Manager
56,41,6,7,3,10,Marketing Manager
62,74,5,7,4,5,Teacher
72,60,8,6,3,8,Civil Services
51,55,6,8,2,4,Psychologist
84,59,8,2,5,9,Finance Analyst
56,54,5,9,7,5,UI/UX Designer
76,68,7,9,5,3,Architect
81,70,7,4,8,6,Data Analyst
62,56,9,7,3,8,Lawyer
73,75,7,3,8,5,Data Analyst
80,65,8,4,6,9,Finance Analyst
81,83,8,3,8,3,Software Engineer
56,50,4,7,5,10,Marketing Manager
68,40,10,7,4,7,Lawyer
53,49,9,7,4,7,Lawyer
90,65,9,6,10,3,Software Engineer
54,56,6,9,3,5,Psychologist
65,77,10,6,2,9,Civil Services
90,87,10,5,9,3,AI Engineer
83,79,9,3,10,4,Cybersecurity Analyst
52,67,5,8,3,5,Teacher
45,53,9,7,3,7,Lawyer
62,51,8,7,2,7,Lawyer
70,68,8,4,6,7,Data Analyst
59,49,6,7,4,9,Marketing Manager
46,42,4,9,6,8,Content Creator
79,60,7,4,7,9,Finance Analyst
81,98,7,5,5,2,Doctor
43,49,6,10,6,7,Content Creator
42,43,4,9,5,7,Content Creator
83,64,8,4,6,9,Finance Analyst
72,66,8,7,4,7,Civil Services
94,89,9,3,10,3,AI Engineer
49,32,4,10,5,8,Content Creator
61,74,6,6,6,5,Teacher
44,49,4,6,3,9,Marketing Manager
56,55,5,7,3,8,Marketing Manager
90,88,8,4,9,2,AI Engineer
79,92,5,4,5,3,Biomedical Researcher
96,57,8,3,3,10,Finance Analyst
42,47,4,10,5,5,UI/UX Designer
85,66,9,5,5,10,Finance Analyst
88,98,7,5,5,3,Doctor
84,100,10,3,10,4,AI Engineer
83,100,8,4,3,3,Doctor
73,64,8,5,9,6,Data Analyst
96,85,10,4,9,4,AI Engineer
71,74,8,2,9,3,Cybersecurity Analyst
64,56,8,6,2,9,Civil Services
71,89,8,7,5,3,Biomedical Researcher
63,48,7,7,5,9,Product Manager
55,51,4,9,6,6,UI/UX Designer
52,48,7,9,6,4,UI/UX Designer
44,64,6,8,1,4,Psychologist
72,73,6,3,8,6,Data Analyst
81,99,7,6,6,3,Biomedical Researcher
76,71,6,7,3,6,Teacher
74,68,6,9,6,4,Architect
55,41,6,10,8,7,Content Creator
73,79,9,4,10,1,Cybersecurity Analyst
75,95,8,4,4,3,Doctor
84,99,7,5,5,2,Doctor
77,91,7,6,4,3,Doctor
69,61,6,6,4,8,Civil Services
78,65,8,6,3,8,Civil Services
51,69,7,8,3,4,Psychologist
87,97,7,4,5,3,Doctor
81,74,7,4,8,7,Data Analyst
50,62,4,10,7,6,UI/UX Designer
60,60,5,6,5,9,Product Manager
84,55,6,4,3,9,Finance Analyst
46,44,4,10,6,7,Content Creator
87,96,9,5,3,3,Doctor
82,72,8,4,8,5,Software Engineer
83,71,7,8,4,6,Architect
85,88,9,4,10,3,Cybersecurity Analyst
93,91,10,4,10,3,AI Engineer
57,70,5,7,5,4,Teacher
71,70,8,6,4,4,Teacher
38,53,7,9,8,6,UI/UX Designer
55,51,10,8,3,8,Lawyer
93,99,9,3,10,4,AI Engineer
57,64,8,6,1,8,Civil Services
79,72,8,3,8,4,Cybersecurity Analyst
80,63,10,3,9,4,Cybersecurity Analyst
80,75,7,4,8,3,Software Engineer
100,82,10,5,9,4,AI Engineer
74,93,7,5,4,2,Biomedical Researcher
53,31,5,10,5,7,Content Creator
82,86,8,5,8,3,Biomedical Researcher
87,68,8,4,10,5,Software Engineer
59,57,7,7,5,8,Product Manager
53,50,5,7,3,10,Marketing Manager
70,68,9,5,3,7,Civil Services
83,86,9,5,10,2,AI Engineer
53,53,4,10,5,6,UI/UX Designer
73,72,6,10,6,5,Architect
89,63,8,5,7,5,Data Analyst
68,73,9,5,5,10,Civil Services
45,54,4,10,8,6,UI/UX Designer
66,63,8,6,3,8,Civil Services
79,65,8,9,5,4,Architect
82,67,10,2,8,4,Cybersecurity Analyst
97,94,8,3,8,3,AI Engineer
70,93,8,6,3,3,Biomedical Researcher
72,73,8,3,9,2,Cybersecurity Analyst
78,95,7,4,5,3,Biomedical Researcher
79,71,8,4,9,3,Software Engineer
76,58,6,7,7,8,Product Manager
78,69,8,3,9,6,Data Analyst
59,52,5,7,3,10,Marketing Manager
76,54,7,3,5,9,Finance Analyst
79,72,8,3,9,3,Cybersecurity Analyst
78,68,8,6,1,8,Civil Services
48,52,4,9,5,7,Content Creator
77,67,7,3,7,6,Data Analyst
82,75,9,3,9,3,Cybersecurity Analyst
80,64,7,4,10,4,Software Engineer
71,61,7,9,6,3,Architect
72,74,7,5,8,5,Data Analyst
85,88,9,4,10,1,AI Engineer
90,87,9,5,10,3,AI Engineer
53,44,5,9,6,5,UI/UX Designer
79,79,7,4,9,3,Software Engineer
77,56,5,6,4,9,Product Manager
45,35,5,10,6,7,Content Creator
54,52,4,9,5,7,Content Creator
46,55,6,8,2,5,Psychologist
38,39,5,9,7,7,Content Creator
78,95,7,5,4,2,Doctor
50,43,7,7,2,10,Marketing Manager
56,52,10,7,2,7,Lawyer
77,66,7,4,10,3,Software Engineer
81,62,8,3,5,9,Finance Analyst
55,54,9,7,2,7,Lawyer
81,93,8,5,3,3,Biomedical Researcher
77,63,8,9,5,5,Architect
63,74,7,6,4,8,Civil Services
65,46,4,7,4,10,Marketing Manager
78,66,7,6,7,5,Data Analyst
54,55,5,8,3,5,Psychologist
65,76,6,6,3,6,Teacher
80,67,9,3,4,10,Finance Analyst
70,66,8,8,2,4,Teacher
53,60,7,8,3,6,Psychologist
50,61,6,7,6,10,Marketing Manager
83,58,6,9,5,5,Architect
81,67,7,5,9,4,Software Engineer
73,67,6,9,5,6,Architect
90,60,9,3,5,10,Finance Analyst
57,45,5,9,1,4,Psychologist
77,68,9,5,7,4,Data Analyst
52,56,4,10,7,4,UI/UX Designer
58,79,7,7,3,3,Teacher
80,65,7,10,5,5,Architect
76,78,8,4,8,6,Data Analyst
45,54,6,10,6,4,UI/UX Designer
90,76,9,3,10,3,Cybersecurity Analyst
87,71,7,5,8,5,Data Analyst
56,52,5,7,5,10,Marketing Manager
78,95,7,5,4,3,Biomedical Researcher
80,81,8,5,10,3,Software Engineer
75,64,7,9,6,3,Architect
54,51,6,6,5,10,Marketing Manager
67,64,7,8,6,9,Product Manager
48,46,4,9,7,9,Content Creator
85,95,7,4,5,2,Biomedical Researcher
64,64,4,8,3,5,Psychologist
58,48,10,6,2,5,Lawyer
75,91,6,4,3,3,Biomedical Researcher
81,73,9,3,6,9,Finance Analyst
75,70,8,5,7,6,Data Analyst
83,90,7,5,6,2,Biomedical Researcher
50,41,5,10,7,4,UI/UX Designer
75,68,8,9,4,4,Architect
38,50,5,9,6,6,Content Creator
48,56,7,9,7,6,UI/UX Designer
54,50,6,7,6,9,Product Manager
83,73,7,2,7,10,Finance Analyst
90,81,8,4,10,3,AI Engineer
85,75,9,4,9,3,Software Engineer
59,63,4,8,4,5,Teacher
64,50,7,7,5,9,Product Manager
83,66,8,3,7,6,Data Analyst
69,66,8,6,4,9,Civil Services
78,73,8,3,10,2,Cybersecurity Analyst
60,65,6,7,5,9,Product Manager
82,96,7,4,4,2,Doctor
82,83,8,5,9,3,Software Engineer
55,60,6,8,4,5,Psychologist
81,71,7,5,9,4,Software Engineer
57,72,6,7,2,5,Teacher
86,54,6,9,5,4,Architect
58,57,9,7,2,7,Lawyer
62,65,9,6,4,8,Civil Services
44,40,5,9,5,6,Content Creator
47,70,7,7,4,3,Psychologist
61,59,9,8,2,7,Lawyer
78,68,8,4,10,2,Cybersecurity Analyst
53,47,8,8,3,7,Lawyer
71,92,6,4,4,2,Biomedical Researcher
58,57,5,7,5,9,Product Manager
86,93,8,4,10,2,AI Engineer
79,92,7,7,2,2,Doctor
57,68,5,8,4,5,Psychologist
77,68,7,5,7,6,Data Analyst
62,54,6,7,5,9,Product Manager
72,70,5,9,5,4,Architect
73,65,8,4,7,6,Data Analyst
61,49,5,7,5,9,Product Manager
76,72,8,5,9,3,Cybersecurity Analyst
83,96,7,6,6,2,Biomedical Researcher
54,54,8,7,5,9,Product Manager
83,75,9,6,9,4,Software Engineer
48,40,5,10,6,8,Content Creator
76,66,8,3,7,6,Data Analyst
80,61,8,3,5,10,Finance Analyst
57,56,6,7,5,10,Product Manager
75,90,7,4,5,3,Biomedical Researcher
43,50,8,6,2,6,Lawyer
56,57,9,7,5,8,Product Manager
75,91,5,5,6,1,Biomedical Researcher
72,71,9,3,9,3,Cybersecurity Analyst
80,80,8,5,8,3,Software Engineer
65,48,9,7,3,8,Lawyer
82,58,8,8,5,3,Architect
83,79,9,4,8,3,Software Engineer
86,61,8,4,5,10,Finance Analyst
70,88,7,5,5,3,Biomedical Researcher
63,58,6,6,5,10,Product Manager
77,65,10,4,8,2,Cybersecurity Analyst
52,60,4,8,3,10,Marketing Manager
55,60,4,8,4,4,Psychologist
77,94,9,6,4,3,Doctor
51,50,4,8,4,10,Marketing Manager
80,76,8,4,9,5,Software Engineer
48,57,9,6,4,7,Lawyer
60,54,5,6,5,8,Product Manager
53,44,6,9,7,5,UI/UX Designer
89,76,8,2,9,2,AI Engineer
85,65,8,3,7,10,Finance Analyst
69,77,8,6,4,9,Civil Services
72,69,8,3,7,4,Software Engineer
54,46,4,9,8,5,UI/UX Designer
53,39,9,6,4,6,Lawyer
60,55,6,8,9,6,UI/UX Designer
72,53,10,6,3,5,Lawyer
74,69,8,3,9,2,Cybersecurity Analyst
54,68,8,8,3,5,Psychologist
56,59,9,7,5,7,Lawyer
80,61,8,9,6,3,Architect
51,37,4,9,7,5,UI/UX Designer
56,61,6,7,2,10,Marketing Manager
81,67,6,4,10,4,Software Engineer
56,53,7,9,7,5,UI/UX Designer
53,44,6,7,4,10,Marketing Manager
49,71,8,8,1,6,Psychologist
80,100,7,4,2,2,Doctor
76,67,7,8,3,5,Architect
81,93,8,5,4,4,Doctor
80,62,8,4,3,10,Finance Analyst
65,57,8,6,6,8,Product Manager
72,49,9,8,2,6,Lawyer
77,89,8,5,5,3,Biomedical Researcher
82,64,7,9,5,2,Architect
80,79,10,2,10,3,Cybersecurity Analyst
78,72,7,6,9,3,Software Engineer
72,58,8,8,3,8,Civil Services
60,63,5,8,3,4,Psychologist
61,60,7,8,6,8,Product Manager
57,52,6,9,7,6,UI/UX Designer
82,77,9,4,10,5,Cybersecurity Analyst
58,60,6,8,3,6,Psychologist
57,60,7,7,5,9,Product Manager
57,47,6,7,3,6,Psychologist
53,39,6,7,3,10,Marketing Manager
71,73,7,3,10,6,Data Analyst
69,94,6,6,7,2,Biomedical Researcher
74,60,7,9,4,4,Architect
69,62,4,7,4,5,Teacher
85,88,9,4,10,3,AI Engineer
89,89,9,5,9,3,AI Engineer
53,59,9,7,3,7,Lawyer
76,64,4,8,1,6,Teacher
84,76,9,4,10,3,Software Engineer
82,65,7,2,5,9,Finance Analyst
48,45,3,9,6,6,Content Creator
85,52,7,3,6,9,Finance Analyst
54,54,9,8,1,7,Lawyer
77,68,7,9,5,4,Architect
57,69,6,8,2,5,Psychologist
85,79,7,4,6,5,Software Engineer
78,92,9,3,10,3,Cybersecurity Analyst
72,64,9,4,8,4,Data Analyst
47,43,5,10,6,6,Content Creator
75,72,8,6,3,9,Civil Services
66,62,6,9,4,4,Teacher
73,98,7,5,4,3,Doctor
87,72,5,9,7,5,Architect
50,53,6,7,6,9,Product Manager
62,53,6,6,6,8,Product Manager
67,69,8,3,9,7,Data Analyst
62,69,6,7,3,4,Teacher
51,57,5,6,4,10,Marketing Manager
77,92,7,4,6,2,Biomedical Researcher
74,92,7,3,5,2,Biomedical Researcher
58,83,6,8,3,5,Teacher
56,66,6,8,4,4,Psychologist
60,63,7,6,4,8,Civil Services
80,71,6,9,6,5,Architect
57,59,8,7,1,7,Lawyer
81,80,8,6,9,3,Software Engineer
43,53,4,10,7,5,UI/UX Designer
39,52,5,9,8,4,UI/UX Designer
66,49,7,10,4,5,Architect
64,68,7,4,9,5,Data Analyst
45,49,4,10,8,7,Content Creator
55,53,9,7,3,7,Lawyer
58,58,6,8,3,5,Psychologist
57,52,7,7,7,9,Product Manager
81,54,9,3,5,9,Finance Analyst
88,58,10,4,4,9,Finance Analyst
69,49,9,6,2,7,Lawyer
63,72,7,8,3,4,Teacher
45,60,9,7,3,9,Lawyer
81,93,6,6,4,3,Biomedical Researcher
64,78,5,8,4,4,Teacher
50,42,4,9,6,7,Content Creator
74,62,8,3,9,6,Data Analyst
49,36,4,10,6,6,Content Creator
82,62,7,5,8,5,Data Analyst
82,95,8,4,3,4,Doctor
78,58,7,9,6,4,Architect
86,96,7,6,5,4,Doctor
85,76,8,5,10,3,Software Engineer
89,83,8,6,9,3,AI Engineer
71,71,7,8,4,4,Teacher
83,75,9,5,8,3,Software Engineer
89,76,9,3,10,4,Cybersecurity Analyst
86,63,10,4,6,9,Finance Analyst
67,67,8,3,8,6,Data Analyst
80,61,6,9,5,4,Architect
74,62,7,7,2,8,Civil Services
77,95,7,5,5,2,Biomedical Researcher
78,72,9,4,10,2,Cybersecurity Analyst
78,74,5,4,7,6,Data Analyst
62,66,8,7,4,9,Product Manager
57,66,5,8,7,8,Product Manager
52,40,10,7,2,7,Lawyer
77,77,6,5,8,5,Software Engineer
81,85,7,5,2,3,Biomedical Researcher
50,57,9,7,2,8,Lawyer
57,49,4,6,4,10,Marketing Manager
80,71,6,4,7,6,Data Analyst
61,63,7,6,2,7,Civil Services
64,51,9,6,3,7,Lawyer
45,39,6,9,6,8,Content Creator
61,46,6,7,5,9,Marketing Manager
89,77,8,4,9,3,Software Engineer
77,99,8,4,3,4,Doctor
47,53,4,7,5,9,Marketing Manager
82,72,8,4,9,3,Software Engineer
74,68,8,3,9,3,Cybersecurity Analyst
67,63,6,7,6,9,Product Manager
84,99,7,5,3,4,Doctor
92,62,8,4,4,10,Finance Analyst
50,50,4,10,8,7,UI/UX Designer
73,81,9,3,8,6,Data Analyst
58,49,9,6,3,8,Lawyer
76,65,6,3,9,5,Data Analyst
71,54,7,9,5,3,Architect
55,67,6,8,2,4,Teacher
89,86,8,3,9,4,AI Engineer
65,52,9,7,3,8,Lawyer
74,76,9,1,10,3,Cybersecurity Analyst
90,51,9,4,6,9,Finance Analyst
78,75,8,3,8,2,Software Engineer
52,46,4,10,7,5,UI/UX Designer
54,32,4,7,4,10,Marketing Manager
70,94,7,6,6,3,Biomedical Researcher
73,92,8,7,4,3,Biomedical Researcher
58,46,4,7,4,10,Marketing Manager
56,41,7,6,3,9,Marketing Manager
83,96,7,5,5,4,Doctor
50,48,4,9,5,7,Content Creator
65,48,9,7,2,8,Lawyer
55,58,6,7,5,10,Product Manager
96,85,10,6,10,3,AI Engineer
76,64,8,9,6,4,Architect
38,48,5,9,6,7,Content Creator
49,45,4,10,7,7,UI/UX Designer
81,73,8,4,6,6,Data Analyst
87,77,10,3,10,2,AI Engineer
70,77,9,4,10,4,Software Engineer
77,65,8,9,6,4,Architect
72,47,4,8,4,10,Marketing Manager
79,79,9,4,9,4,Software Engineer
89,90,8,4,9,2,AI Engineer
45,49,4,6,3,10,Marketing Manager
80,70,8,4,10,4,Software Engineer
75,97,7,5,4,2,Biomedical Researcher
47,44,7,9,6,7,Content Creator
55,65,8,9,3,5,Psychologist
53,49,10,7,3,7,Lawyer
61,51,7,7,7,9,Product Manager
61,61,7,8,4,5,Psychologist
79,99,7,4,5,3,Doctor
67,75,7,7,4,5,Teacher
89,62,8,3,9,2,Cybersecurity Analyst
43,33,5,10,4,6,Content Creator
76,74,9,3,7,6,Data Analyst
78,74,8,2,10,2,Cybersecurity Analyst
68,72,9,6,2,8,Civil Services
57,42,5,9,6,5,UI/UX Designer
62,39,5,7,5,10,Marketing Manager
62,76,6,8,3,4,Teacher
61,63,3,8,5,9,Marketing Manager
36,35,5,10,5,7,Content Creator
90,55,9,3,4,10,Finance Analyst
90,72,7,5,9,4,Software Engineer
87,59,8,3,6,10,Finance Analyst
71,74,7,9,6,4,Architect
78,60,8,9,3,4,Architect
88,89,9,4,8,4,AI Engineer
85,86,8,5,9,4,AI Engineer
82,72,9,4,10,3,Software Engineer
58,53,5,7,5,9,Marketing Manager
66,61,6,6,8,9,Product Manager
57,69,6,8,2,5,Psychologist
85,88,9,6,10,3,AI Engineer
86,95,9,4,5,4,Doctor
81,96,7,4,4,3,Doctor
58,47,9,8,2,6,Lawyer
52,48,9,8,3,6,Lawyer
68,75,7,7,3,8,Civil Services
49,39,3,10,6,7,Content Creator
75,64,5,4,7,6,Data Analyst
73,79,9,6,4,8,Civil Services
60,47,10,7,5,7,Lawyer
79,57,9,4,5,10,Finance Analyst
83,58,8,2,4,9,Finance Analyst
73,74,6,10,3,4,Architect
75,71,9,10,3,3,Architect
71,90,7,6,6,3,Doctor
80,80,9,4,10,2,Cybersecurity Analyst
79,74,7,2,9,6,Data Analyst
87,90,9,3,9,2,AI Engineer
90,82,9,4,10,3,AI Engineer
51,68,4,8,2,6,Psychologist
53,50,5,7,5,9,Marketing Manager
54,54,8,7,2,7,Lawyer
93,88,9,3,9,4,AI Engineer
77,70,8,2,9,3,Cybersecurity Analyst
72,71,7,4,9,4,Data Analyst
87,71,8,3,10,3,Cybersecurity Analyst
57,50,6,6,4,10,Marketing Manager
92,80,9,2,9,3,AI Engineer
67,68,8,8,5,9,Product Manager
85,57,10,4,4,9,Finance Analyst
72,74,9,5,7,7,Data Analyst
93,85,9,4,9,3,AI Engineer
52,36,9,7,3,7,Lawyer
97,86,9,3,9,2,AI Engineer
79,66,7,4,7,7,Data Analyst
92,58,7,3,5,10,Finance Analyst
82,76,6,3,9,4,Software Engineer
79,78,8,4,9,4,Software Engineer
68,49,9,7,3,8,Lawyer
46,38,4,10,6,7,Content Creator
60,57,7,7,6,9,Product Manager
73,65,7,8,5,9,Civil Services
63,69,8,6,3,7,Civil Services
88,98,8,5,3,3,Doctor
60,47,4,8,6,9,Marketing Manager
75,72,8,6,10,3,Software Engineer
80,79,8,2,9,4,Cybersecurity Analyst
68,59,9,6,2,8,Civil Services
38,46,6,7,3,10,Marketing Manager
69,57,8,7,4,3,Teacher
60,52,4,6,5,10,Marketing Manager
73,65,8,9,5,4,Architect
75,60,8,4,5,9,Finance Analyst
72,72,7,8,6,5,Architect
86,89,9,4,10,4,AI Engineer
76,71,8,10,5,4,Architect
84,84,8,5,10,3,AI Engineer
70,71,8,3,10,4,Cybersecurity Analyst
79,66,6,5,8,6,Data Analyst
79,70,7,4,6,10,Finance Analyst
78,63,8,4,7,7,Data Analyst
33,45,3,9,4,6,Content Creator
43,44,6,9,7,7,Content Creator
63,57,7,7,6,9,Product Manager
71,71,8,7,3,9,Civil Services
78,88,9,3,9,3,AI Engineer
87,94,9,4,10,4,AI Engineer
87,66,7,4,10,4,Software Engineer
84,73,8,5,9,4,Software Engineer
85,92,9,5,10,4,AI Engineer
53,41,3,8,5,10,Marketing Manager
90,79,9,4,9,3,AI Engineer
79,90,9,4,3,3,Doctor
70,53,8,5,3,8,Civil Services
83,64,8,4,10,4,Software Engineer
90,66,8,6,9,4,Software Engineer
81,89,8,6,5,2,Biomedical Researcher
62,59,7,6,4,9,Product Manager
83,83,8,6,9,3,Software Engineer
87,80,8,3,10,3,AI Engineer
66,84,7,6,3,5,Teacher
70,69,8,6,2,8,Civil Services
60,48,5,7,7,9,Marketing Manager
77,93,8,5,5,3,Doctor
63,95,5,5,6,3,Biomedical Researcher
88,88,7,5,9,3,Software Engineer
74,74,7,5,9,4,Software Engineer
60,52,4,9,8,5,UI/UX Designer
68,71,7,6,3,8,Civil Services
65,43,5,7,5,9,Product Manager
57,36,7,9,6,7,Content Creator
89,88,9,3,9,2,AI Engineer
69,63,6,8,5,4,Teacher
78,81,9,3,10,4,Cybersecurity Analyst
74,67,6,10,6,5,Architect
86,80,10,4,9,3,AI Engineer
48,43,5,10,5,5,UI/UX Designer
75,79,8,3,10,3,AI Engineer
54,53,9,6,3,7,Lawyer
48,49,6,9,5,8,Content Creator
67,96,6,5,6,2,Biomedical Researcher
88,95,7,5,4,2,Doctor
90,92,8,4,5,4,Doctor
74,83,8,6,3,8,Civil Services
63,55,6,6,6,8,Product Manager
80,88,8,6,6,3,Biomedical Researcher
42,51,6,10,5,5,UI/UX Designer
79,83,8,5,9,2,Software Engineer
72,67,8,8,2,8,Civil Services
65,71,8,3,6,5,Data Analyst
47,44,5,9,6,6,Content Creator
82,88,9,4,10,3,AI Engineer
67,68,8,6,3,8,Civil Services
84,68,9,3,9,5,Cybersecurity Analyst
88,64,10,5,10,4,Software Engineer
49,58,6,7,3,4,Psychologist
78,73,5,7,3,4,Teacher
86,85,9,4,9,3,AI Engineer
83,79,8,4,9,3,AI Engineer
37,65,9,7,3,5,Psychologist
91,90,8,4,2,4,Doctor
60,46,5,9,7,6,UI/UX Designer
74,76,8,3,9,3,Cybersecurity Analyst
52,52,9,7,3,6,Lawyer
64,67,8,7,3,8,Civil Services
90,96,8,3,10,3,AI Engineer
48,67,7,7,2,4,Psychologist
82,57,8,4,4,10,Finance Analyst
91,57,7,2,3,9,Finance Analyst
51,39,5,10,8,7,Content Creator
95,88,8,3,10,4,AI Engineer
81,64,6,9,4,3,Architect
80,66,9,4,10,3,Cybersecurity Analyst
65,69,6,8,3,4,Teacher
82,68,9,4,5,10,Finance Analyst
63,57,6,8,5,10,Product Manager
68,73,6,7,6,4,Teacher
82,71,6,10,5,5,Architect
76,70,7,6,3,9,Civil Services
53,63,7,8,3,4,Psychologist
50,42,5,10,7,5,UI/UX Designer
83,91,9,4,5,3,Doctor
80,67,8,9,5,3,Architect
76,59,6,9,5,3,Architect
87,88,10,5,10,2,AI Engineer
71,68,9,3,10,2,Cybersecurity Analyst
80,56,6,9,4,3,Architect
54,51,5,8,6,9,Product Manager
82,85,10,3,10,3,AI Engineer
55,60,6,6,7,9,Product Manager
75,62,6,10,5,2,Architect
85,75,7,5,9,4,Software Engineer
83,73,9,5,10,4,Software Engineer
87,54,9,3,4,9,Finance Analyst
74,69,8,5,8,6,Data Analyst
60,67,5,8,4,4,Psychologist
41,43,3,9,7,7,Content Creator
55,51,9,7,2,7,Lawyer
61,70,7,9,4,6,Psychologist
62,57,9,6,3,8,Civil Services
86,72,8,9,5,4,Architect
91,80,9,3,9,2,AI Engineer
46,51,6,9,4,5,UI/UX Designer
73,68,10,2,10,2,Cybersecurity Analyst
76,73,8,3,6,6,Data Analyst
82,94,8,5,5,3,Biomedical Researcher
46,46,6,10,7,5,UI/UX Designer
70,89,8,3,5,3,Biomedical Researcher
69,97,7,4,6,2,Biomedical Researcher
87,95,8,5,4,2,Doctor
48,42,5,9,6,8,Content Creator
52,55,4,10,5,4,UI/UX Designer
87,66,8,9,7,3,Architect
69,51,9,8,2,7,Lawyer
34,44,5,10,6,6,Content Creator
72,87,8,5,6,2,Biomedical Researcher
55,45,5,5,2,9,Marketing Manager
77,79,9,3,9,3,Cybersecurity Analyst
59,43,9,6,4,7,Lawyer
65,64,6,7,5,8,Product Manager
73,77,7,3,10,3,Cybersecurity Analyst
51,47,5,7,4,10,Marketing Manager
43,39,3,10,5,7,Content Creator
81,72,9,4,10,2,Cybersecurity Analyst
51,54,6,8,4,6,Psychologist
58,56,7,8,3,4,Psychologist
46,32,4,10,7,7,Content Creator
93,61,9,5,4,9,Finance Analyst
75,62,7,4,7,5,Data Analyst
77,73,8,1,9,4,Cybersecurity Analyst
71,52,9,7,3,9,Civil Services
78,58,8,6,6,6,Data Analyst
68,98,8,5,4,3,Biomedical Researcher
57,59,7,7,7,9,Product Manager
76,86,10,4,10,3,Cybersecurity Analyst
95,59,9,3,6,10,Finance Analyst
66,96,7,6,5,2,Biomedical Researcher
74,58,8,6,2,9,Civil Services
61,54,5,7,5,5,Psychologist
75,63,7,5,2,7,Civil Services
58,61,5,8,3,5,Psychologist
87,95,7,5,4,2,Doctor
75,49,6,9,6,3,Architect
77,90,7,5,4,3,Doctor
84,90,7,4,4,3,Doctor
48,45,6,9,7,7,Content Creator
76,94,9,5,6,2,Biomedical Researcher
78,78,9,4,10,2,AI Engineer
45,46,4,10,6,6,Content Creator
63,66,6,7,4,9,Product Manager
76,56,7,9,4,5,Architect
68,66,10,2,10,3,Cybersecurity Analyst
61,66,7,7,3,9,Civil Services
86,80,9,4,8,3,AI Engineer
85,76,9,4,9,4,Software Engineer
39,42,5,9,6,6,Content Creator
85,88,7,4,5,4,Biomedical Researcher
84,94,7,3,4,3,Doctor
65,56,7,5,5,8,Product Manager
42,38,4,10,8,7,Content Creator
47,60,5,6,4,10,Marketing Manager
47,51,10,7,3,7,Lawyer
70,74,7,3,7,5,Data Analyst
58,54,5,9,5,5,UI/UX Designer
69,57,8,3,4,9,Finance Analyst
75,93,7,5,5,3,Biomedical Researcher
54,69,7,7,6,8,Product Manager
64,60,7,8,4,4,Teacher
46,42,5,9,6,5,UI/UX Designer
59,56,6,9,4,5,Psychologist
48,73,6,8,2,4,Psychologist
69,70,8,7,3,8,Civil Services
76,77,8,3,10,3,Cybersecurity Analyst
72,74,8,4,8,3,Software Engineer
45,45,4,10,5,7,Content Creator
81,81,9,5,10,3,AI Engineer
78,76,8,2,9,3,Cybersecurity Analyst
88,89,9,4,10,4,AI Engineer
65,77,7,7,2,4,Teacher
44,32,5,9,7,6,Content Creator
79,84,7,7,6,3,Biomedical Researcher
79,61,6,9,4,4,Architect
70,78,7,8,5,4,Teacher
83,59,7,3,5,10,Finance Analyst
45,39,5,10,6,8,Content Creator
61,62,10,7,3,7,Lawyer
66,86,4,7,2,4,Teacher
49,37,4,9,8,4,UI/UX Designer
73,67,9,3,6,4,Data Analyst
40,41,5,10,6,7,Content Creator
85,86,9,4,10,2,AI Engineer
38,44,6,9,7,6,Content Creator
56,67,7,8,3,6,Psychologist
57,49,7,6,3,6,Lawyer
81,93,7,6,4,4,Biomedical Researcher
79,78,8,5,9,4,Software Engineer
56,56,5,8,2,3,Psychologist
35,50,5,9,6,7,Content Creator
79,66,5,9,4,5,Architect
71,71,7,6,4,9,Civil Services
70,94,8,5,3,2,Biomedical Researcher
49,65,5,9,6,5,UI/UX Designer
78,89,6,6,4,3,Biomedical Researcher
91,63,8,3,6,10,Finance Analyst
92,54,9,2,4,10,Finance Analyst
55,55,5,8,5,10,Marketing Manager
55,53,6,8,6,8,Product Manager
82,92,10,4,9,3,Cybersecurity Analyst
90,68,8,5,9,4,Software Engineer
78,68,8,3,10,4,Cybersecurity Analyst
62,67,6,8,4,5,Teacher
80,96,7,5,4,4,Doctor
44,44,6,9,7,7,Content Creator
51,60,6,8,2,6,Psychologist
68,66,5,7,2,3,Psychologist
74,94,7,4,5,4,Doctor
78,92,5,5,5,3,Biomedical Researcher
53,47,6,9,7,6,Content Creator
85,64,8,3,6,10,Finance Analyst
89,82,9,4,9,2,AI Engineer
67,64,10,6,3,8,Civil Services
48,35,5,7,5,10,Marketing Manager
47,36,3,10,7,7,Content Creator
50,49,3,10,4,7,Content Creator
77,79,7,6,5,1,Biomedical Researcher
68,92,7,5,4,2,Biomedical Researcher
79,55,9,3,5,10,Finance Analyst
67,66,7,10,4,3,Architect
53,57,7,8,3,5,Lawyer
45,51,5,8,3,4,Psychologist
82,90,8,5,5,4,Biomedical Researcher
84,93,8,4,5,5,Doctor
58,56,7,7,4,10,Product Manager
78,76,9,1,10,3,Cybersecurity Analyst
71,71,7,3,10,3,Cybersecurity Analyst
49,42,6,8,6,5,UI/UX Designer
79,61,8,5,7,6,Data Analyst
92,87,9,4,8,3,AI Engineer
83,100,8,4,5,4,Doctor
54,39,6,10,7,6,UI/UX Designer
57,51,6,9,8,4,UI/UX Designer
82,63,9,6,8,4,Software Engineer
78,64,8,4,4,9,Finance Analyst
88,98,8,5,4,4,Doctor
56,60,6,8,2,5,Psychologist
54,53,7,8,3,6,Psychologist
49,36,5,7,5,10,Marketing Manager
87,87,10,5,9,3,AI Engineer
80,70,4,9,4,4,Architect
57,62,6,8,6,9,Product Manager
54,63,6,9,4,5,Psychologist
71,68,6,8,5,3,Teacher
76,71,8,4,9,6,Data Analyst
89,89,9,3,9,3,AI Engineer
74,70,7,7,4,4,Teacher
75,73,10,2,10,3,Cybersecurity Analyst
54,74,7,8,5,5,Teacher
57,60,5,7,4,5,Psychologist
76,92,7,5,5,1,Biomedical Researcher
73,61,8,5,3,9,Civil Services
71,75,7,2,10,2,Cybersecurity Analyst
74,65,6,6,9,3,Software Engineer
79,92,7,5,6,2,Biomedical Researcher
51,43,4,10,8,5,UI/UX Designer
82,85,9,4,9,3,Cybersecurity Analyst
62,51,7,8,7,9,Product Manager
54,49,9,8,3,8,Lawyer
67,64,7,6,2,8,Civil Services
78,78,10,3,10,3,Cybersecurity Analyst
51,45,5,10,7,5,UI/UX Designer
87,63,8,3,5,10,Finance Analyst
57,55,6,7,5,10,Product Manager
79,95,8,4,4,3,Doctor
54,55,5,6,5,10,Marketing Manager
87,89,9,5,10,4,AI Engineer
46,49,6,10,7,5,UI/UX Designer
72,65,5,7,5,5,Teacher
78,85,8,5,7,2,Biomedical Researcher
55,50,6,8,2,10,Marketing Manager
60,74,5,7,3,5,Teacher
91,83,9,4,9,3,AI Engineer
63,69,7,5,5,8,Product Manager
69,63,8,6,3,8,Civil Services
55,67,5,7,4,3,Teacher
59,53,7,8,4,9,Product Manager
48,49,5,9,8,6,UI/UX Designer
79,60,6,9,5,4,Architect
76,67,6,9,5,4,Architect
86,81,9,4,9,4,AI Engineer
47,44,4,10,6,5,UI/UX Designer
80,73,7,3,8,6,Data Analyst
91,58,8,5,7,10,Finance Analyst
40,31,4,9,6,7,Content Creator
84,95,7,5,3,3,Doctor
77,70,9,3,9,3,Cybersecurity Analyst
71,42,8,8,3,8,Lawyer
64,69,7,8,2,6,Teacher
82,84,8,3,10,3,Cybersecurity Analyst
63,49,6,8,6,9,Product Manager
78,71,7,4,9,4,Software Engineer
85,94,6,4,6,2,Biomedical Researcher
71,67,8,6,2,8,Civil Services
71,74,7,4,8,6,Data Analyst
69,62,8,4,7,5,Data Analyst
61,61,6,7,3,5,Teacher
96,49,7,3,6,9,Finance Analyst
52,54,5,7,3,10,Marketing Manager
76,68,8,9,5,4,Architect
92,56,8,4,5,10,Finance Analyst
61,62,8,7,3,9,Product Manager
77,100,7,3,4,1,Doctor
65,65,7,7,5,9,Product Manager
36,44,3,10,5,7,Content Creator
39,40,5,10,5,7,Content Creator
55,61,6,8,6,4,Psychologist
69,68,6,7,4,5,Teacher
46,52,5,6,4,9,Marketing Manager
88,78,10,5,9,3,AI Engineer
70,75,7,6,8,7,Data Analyst
77,62,7,10,3,4,Architect
82,59,7,9,5,4,Architect
77,94,7,5,3,3,Doctor
77,72,8,5,8,4,Data Analyst
47,51,5,10,8,5,UI/UX Designer
49,52,6,9,7,4,UI/UX Designer
84,75,8,5,9,4,Software Engineer
67,92,8,5,5,3,Biomedical Researcher
49,38,4,10,6,6,Content Creator
76,64,9,5,3,8,Civil Services
87,55,8,5,5,10,Finance Analyst
67,77,7,8,5,4,Teacher
86,83,9,4,10,3,AI Engineer
83,71,8,4,5,10,Finance Analyst
90,66,7,3,4,10,Finance Analyst
84,48,10,5,7,10,Finance Analyst
65,73,5,7,4,5,Teacher
80,69,7,9,5,5,Architect
77,80,8,2,9,3,Cybersecurity Analyst
61,42,9,7,3,7,Lawyer
71,92,8,5,5,3,Biomedical Researcher
83,65,8,5,9,3,Software Engineer
86,66,9,4,5,9,Finance Analyst
76,95,7,5,5,3,Doctor
69,62,6,8,3,5,Teacher
67,67,6,7,6,9,Product Manager
59,46,6,7,3,9,Marketing Manager
80,79,9,2,9,3,Cybersecurity Analyst
57,49,5,9,6,6,Content Creator
79,76,7,10,6,5,Architect
78,93,9,5,2,3,Doctor
83,62,7,9,5,3,Architect
48,40,4,10,6,5,UI/UX Designer
54,47,5,7,5,9,Marketing Manager
35,41,4,10,7,7,Content Creator
85,56,7,3,6,10,Finance Analyst
68,57,5,6,6,9,Product Manager
49,52,6,6,5,9,Marketing Manager
74,77,8,4,8,3,Cybersecurity Analyst
62,81,6,7,3,5,Teacher
56,51,9,6,4,7,Lawyer
70,80,9,5,1,8,Civil Services
49,46,4,10,5,8,Content Creator
68,54,6,7,5,9,Product Manager
88,84,9,5,9,2,AI Engineer
81,73,8,3,8,3,Cybersecurity Analyst
90,92,7,6,3,4,Doctor
91,64,9,4,4,10,Finance Analyst
71,67,7,6,4,8,Product Manager
92,79,10,5,9,3,AI Engineer
84,75,9,2,9,4,Cybersecurity Analyst
68,75,6,8,4,4,Teacher
86,74,10,3,10,4,Cybersecurity Analyst
74,80,9,3,9,3,Data Analyst
78,71,7,3,7,5,Data Analyst
72,74,8,3,10,2,Cybersecurity Analyst
83,95,7,5,4,3,Biomedical Researcher
63,55,6,7,7,10,Product Manager
67,52,7,6,6,9,Product Manager
86,81,10,5,9,1,AI Engineer
70,70,7,10,6,2,Architect
78,95,10,5,6,2,Doctor
84,90,8,4,5,2,Biomedical Researcher
66,92,6,5,5,3,Biomedical Researcher
60,49,5,8,6,10,Product Manager
52,40,5,9,6,7,Content Creator
65,66,5,7,3,4,Teacher
87,82,8,3,10,4,AI Engineer
89,59,7,4,5,10,Finance Analyst
82,95,6,5,5,5,Doctor
70,63,7,5,7,5,Data Analyst
77,69,9,5,2,8,Civil Services
54,48,9,5,2,8,Lawyer
51,44,6,10,6,6,UI/UX Designer
84,54,7,3,6,10,Finance Analyst
91,57,8,3,4,9,Finance Analyst
53,55,5,7,5,10,Product Manager
53,51,8,6,2,8,Lawyer
68,70,9,4,7,5,Data Analyst
79,75,8,8,5,5,Architect
78,64,9,5,3,8,Civil Services
74,67,8,4,7,6,Data Analyst
89,68,9,4,9,6,Software Engineer
50,39,5,9,9,7,Content Creator
44,45,5,10,4,7,Content Creator
52,53,4,8,3,9,Marketing Manager
90,89,9,5,9,2,AI Engineer
74,60,9,6,3,8,Civil Services
81,71,9,3,10,1,Cybersecurity Analyst
63,58,6,7,5,10,Product Manager
62,55,5,9,3,4,Psychologist
84,61,9,5,5,9,Finance Analyst
47,34,5,10,7,7,Content Creator
58,42,6,9,7,6,UI/UX Designer
89,83,6,5,4,4,Biomedical Researcher
84,71,9,3,10,4,Cybersecurity Analyst
39,43,3,9,6,5,UI/UX Designer
47,50,5,7,5,10,Marketing Manager
80,66,8,4,7,7,Data Analyst
81,86,10,5,10,3,AI Engineer
76,80,8,4,10,3,Cybersecurity Analyst
82,80,9,5,10,3,AI Engineer
69,88,6,5,5,2,Biomedical Researcher
62,47,9,8,3,6,Lawyer
57,72,7,6,4,8,Product Manager
55,48,9,7,2,7,Lawyer
53,49,2,10,5,3,UI/UX Designer
72,90,8,5,6,3,Biomedical Researcher
54,48,5,6,4,9,Marketing Manager
69,58,7,7,5,9,Product Manager
68,63,6,8,3,4,Teacher
77,64,8,4,7,10,Finance Analyst
57,39,3,10,7,6,Content Creator
86,66,7,6,10,4,Software Engineer
48,54,8,8,4,6,Psychologist
48,37,3,10,5,9,Content Creator
53,49,6,7,5,9,Product Manager
82,91,6,4,3,2,Doctor
52,54,4,9,7,4,UI/UX Designer
75,83,8,5,8,4,Software Engineer
76,90,7,5,5,2,Biomedical Researcher
64,63,6,7,7,8,Product Manager
79,57,7,8,5,3,Architect
76,70,8,4,10,3,Cybersecurity Analyst
76,62,10,3,9,2,Cybersecurity Analyst
60,67,8,6,3,7,Civil Services
61,36,5,6,5,9,Marketing Manager
75,64,7,7,3,5,Teacher
90,77,9,3,10,3,AI Engineer
80,68,7,5,9,5,Software Engineer
81,64,9,9,5,2,Architect
78,65,8,9,5,3,Architect
66,71,9,7,5,4,Teacher
80,88,7,4,4,1,Biomedical Researcher
73,88,8,5,4,4,Biomedical Researcher
52,72,6,8,2,5,Teacher
74,74,7,5,9,4,Software Engineer
44,47,4,10,5,7,Content Creator
73,89,7,5,7,2,Biomedical Researcher
64,74,6,9,3,6,Teacher
79,91,8,3,5,4,Doctor
53,58,5,7,4,9,Marketing Manager
77,74,6,5,8,4,Software Engineer
71,60,8,5,6,6,Data Analyst
46,51,4,10,6,3,UI/UX Designer
85,98,8,5,4,4,Doctor
81,99,7,4,5,3,Doctor
71,75,8,8,3,4,Teacher
63,76,7,8,3,5,Teacher
59,52,3,7,4,9,Marketing Manager
63,75,5,8,3,6,Teacher
83,61,8,4,4,9,Finance Analyst
55,43,5,10,6,5,UI/UX Designer
82,87,7,6,8,5,Software Engineer
45,35,5,10,6,7,Content Creator
51,33,4,9,5,6,Content Creator
83,92,10,4,10,4,AI Engineer
64,63,8,7,2,8,Civil Services
82,72,9,5,5,9,Finance Analyst
64,78,6,7,3,5,Teacher
59,49,4,6,4,9,Marketing Manager
62,74,8,7,2,8,Civil Services
81,73,10,3,10,4,Cybersecurity Analyst
82,88,7,5,4,4,Doctor
90,67,8,3,5,10,Finance Analyst
79,96,8,5,6,4,Doctor
68,62,6,7,3,7,Civil Services
73,97,7,4,6,2,Biomedical Researcher
72,63,7,8,4,4,Teacher
78,78,6,5,7,6,Data Analyst
71,56,7,8,5,9,Product Manager
85,98,8,4,3,3,Doctor
85,72,7,5,9,4,Software Engineer
82,87,9,4,9,4,AI Engineer
56,38,9,7,3,8,Lawyer
49,53,7,9,4,5,UI/UX Designer
75,80,5,8,4,5,Teacher
50,59,5,8,2,5,Psychologist
86,86,9,4,9,5,Software Engineer
78,91,9,3,9,3,AI Engineer
81,77,10,4,9,2,Cybersecurity Analyst
89,57,8,4,8,10,Finance Analyst
61,54,7,8,1,5,Psychologist
45,52,5,9,9,5,UI/UX Designer
85,93,8,5,2,4,Doctor
72,67,7,7,4,4,Teacher
76,75,9,4,8,3,Cybersecurity Analyst
56,55,9,6,3,7,Lawyer
78,70,10,1,10,3,Cybersecurity Analyst
80,95,7,5,4,4,Doctor
53,37,4,9,7,7,Content Creator
38,50,5,9,7,8,Content Creator
52,63,6,8,3,4,Psychologist
83,72,9,6,5,9,Civil Services
85,97,8,5,4,3,Doctor
69,64,8,9,3,4,Architect
52,47,10,6,3,6,Lawyer
70,56,6,7,4,9,Product Manager
75,71,8,6,3,8,Civil Services
88,58,6,6,9,5,Software Engineer
81,93,8,4,6,4,Biomedical Researcher
45,32,4,10,5,6,Content Creator
53,49,7,6,3,9,Product Manager
80,92,7,5,2,3,Doctor
79,94,8,5,6,3,Biomedical Researcher
64,87,8,5,4,3,Biomedical Researcher
81,69,8,6,10,4,Software Engineer
42,52,9,5,4,7,Lawyer
56,49,10,6,3,6,Lawyer
59,49,4,7,4,9,Marketing Manager
47,39,2,10,3,6,Content Creator
75,64,7,9,5,4,Architect
81,95,9,5,5,4,Doctor
84,81,10,6,9,3,AI Engineer
51,67,6,8,4,4,Psychologist
64,58,6,8,3,5,Psychologist
60,47,4,8,4,10,Marketing Manager
56,50,8,7,2,7,Lawyer
44,40,6,9,6,7,Content Creator
91,84,9,5,10,4,AI Engineer
80,60,10,5,10,4,Software Engineer
47,46,4,9,5,4,UI/UX Designer
70,71,5,9,5,4,Teacher
78,69,8,5,10,5,Software Engineer
64,67,5,8,4,5,Teacher
87,58,7,4,6,9,Finance Analyst
71,73,7,7,6,5,Teacher
86,87,9,4,10,3,AI Engineer
83,62,7,2,5,9,Finance Analyst
55,68,5,7,5,3,Teacher
86,52,7,4,5,10,Finance Analyst
53,49,5,9,7,4,UI/UX Designer
73,74,7,4,7,5,Data Analyst
73,68,7,9,5,4,Architect
67,94,7,6,5,1,Biomedical Researcher
79,100,7,5,4,2,Doctor
79,92,8,6,2,3,Biomedical Researcher
69,68,9,7,2,7,Civil Services
72,72,5,8,3,4,Teacher
56,53,5,5,5,9,Marketing Manager
75,68,7,5,5,7,Data Analyst
91,93,8,4,5,2,Doctor
71,79,8,3,9,6,Data Analyst
80,95,8,3,6,1,Doctor
72,67,7,9,5,5,Architect
61,67,6,8,4,5,Psychologist
82,67,7,4,10,4,Software Engineer
54,56,6,10,7,4,UI/UX Designer
75,71,9,2,9,4,Cybersecurity Analyst
63,69,7,7,5,5,Teacher
62,66,7,6,3,2,Teacher
51,53,5,6,5,9,Marketing Manager
67,53,9,7,1,5,Lawyer
77,90,7,5,4,2,Biomedical Researcher
43,49,4,9,8,5,UI/UX Designer
54,53,9,7,1,7,Lawyer
53,42,4,10,7,7,Content Creator
77,66,9,3,9,3,Software Engineer
85,97,7,4,3,3,Doctor
64,68,6,7,3,4,Teacher
53,31,4,10,9,5,UI/UX Designer
74,85,6,4,5,2,Biomedical Researcher
65,72,6,8,5,5,Teacher
82,67,10,4,9,2,Cybersecurity Analyst
81,69,7,9,6,3,Architect
38,57,5,10,7,3,UI/UX Designer
75,73,7,9,5,5,Architect
66,67,9,4,9,3,Software Engineer
39,39,3,9,7,7,Content Creator
42,33,4,8,7,6,Content Creator
54,53,5,7,5,10,Marketing Manager
78,74,7,5,8,4,Software Engineer
58,65,6,7,5,9,Product Manager
76,66,8,5,3,8,Civil Services
65,99,6,5,4,3,Biomedical Researcher
80,76,8,5,9,3,Software Engineer
85,95,8,5,4,3,Doctor
82,92,6,4,4,3,Biomedical Researcher
73,62,8,6,6,5,Data Analyst
76,69,7,4,7,6,Data Analyst
60,51,9,7,2,8,Lawyer
48,53,6,10,6,5,UI/UX Designer
95,82,9,4,10,2,AI Engineer
44,31,4,10,4,8,Content Creator
78,74,9,5,10,4,Software Engineer
55,66,5,8,1,6,Psychologist
60,64,6,7,7,10,Product Manager
86,73,9,6,8,4,Software Engineer
63,52,6,8,5,6,Psychologist
63,52,8,7,3,6,Lawyer
66,69,6,8,3,5,Teacher
79,95,8,5,2,3,Doctor
60,67,6,8,3,5,Teacher
47,45,4,9,6,8,Content Creator
91,94,7,5,4,3,Doctor
45,64,6,6,4,5,Psychologist
47,48,6,10,6,5,UI/UX Designer
53,44,10,7,3,7,Lawyer
57,54,5,7,4,10,Product Manager
56,72,8,6,2,8,Civil Services
84,86,9,5,9,3,Software Engineer
67,77,10,3,10,3,Cybersecurity Analyst
87,80,9,5,10,2,AI Engineer
88,86,10,3,10,4,AI Engineer
70,69,10,3,8,3,Cybersecurity Analyst
63,65,6,8,3,5,Teacher
79,92,8,5,3,2,Biomedical Researcher
94,93,8,4,4,2,Doctor
77,94,7,4,4,3,Doctor
63,81,5,8,4,5,Teacher
49,70,5,8,4,4,Psychologist
50,73,5,9,4,5,Psychologist
68,61,8,5,4,8,Civil Services
77,74,6,10,5,5,Architect
71,46,9,7,3,8,Lawyer
61,52,5,9,8,6,UI/UX Designer
64,69,8,6,3,9,Civil Services
37,41,6,9,5,7,Content Creator
80,97,7,6,3,1,Doctor
83,59,7,9,5,4,Architect
55,56,8,6,3,6,Lawyer
78,99,10,5,5,2,Doctor
83,91,7,6,4,3,Doctor
60,64,5,8,2,5,Psychologist
86,74,8,4,9,2,Cybersecurity Analyst
55,49,10,6,3,6,Lawyer
74,60,7,9,3,4,Architect
64,54,8,7,3,9,Lawyer
79,96,9,5,4,3,Doctor
74,82,7,3,8,5,Data Analyst
70,78,9,1,9,4,Cybersecurity Analyst
60,59,5,7,2,6,Psychologist
59,62,7,7,4,5,Psychologist
83,74,9,3,10,5,Cybersecurity Analyst
51,64,7,7,3,7,Psychologist
81,61,8,9,5,3,Architect
75,91,6,4,4,3,Biomedical Researcher
69,74,10,1,10,4,Cybersecurity Analyst
80,76,9,2,8,3,Cybersecurity Analyst
77,66,7,10,6,4,Architect
65,62,7,8,3,6,Psychologist
61,66,6,8,2,5,Psychologist
45,50,6,10,7,7,Content Creator
71,62,5,7,4,4,Teacher
84,58,7,9,5,5,Architect
55,63,5,8,4,5,Psychologist
76,57,7,8,5,4,Architect
74,69,7,4,2,8,Civil Services
86,97,7,5,2,1,Doctor
74,60,7,9,5,3,Architect
64,74,3,7,2,4,Teacher
58,74,3,8,4,5,Teacher
80,95,7,4,6,2,Doctor
58,53,10,7,1,6,Lawyer
60,53,8,6,5,9,Product Manager
78,75,10,4,10,2,Cybersecurity Analyst
84,64,7,4,5,9,Finance Analyst
55,54,10,8,3,7,Lawyer
64,47,4,5,2,9,Marketing Manager
82,71,8,3,10,3,Cybersecurity Analyst
43,44,6,8,5,10,Marketing Manager
87,66,7,5,4,9,Finance Analyst
73,70,5,10,4,4,Architect
79,98,8,3,5,3,Doctor
36,44,4,9,6,6,Content Creator
51,51,2,8,5,9,Marketing Manager
80,60,8,3,6,10,Finance Analyst
56,55,5,7,3,9,Marketing Manager
49,36,5,10,6,7,Content Creator
93,93,8,4,6,4,Doctor
78,79,9,1,10,3,Cybersecurity Analyst
55,61,8,8,4,7,Lawyer
51,42,6,8,3,4,Psychologist
39,40,4,9,6,6,UI/UX Designer
50,58,10,8,2,7,Lawyer
81,97,9,4,9,3,AI Engineer
73,60,7,4,6,9,Finance Analyst
57,48,5,7,4,9,Marketing Manager
82,57,9,9,5,4,Architect
75,79,9,3,9,3,Cybersecurity Analyst
57,53,7,7,7,10,Product Manager
72,68,7,6,4,8,Civil Services
92,93,7,5,4,3,Doctor
47,61,6,8,2,4,Psychologist
75,94,9,5,7,3,Biomedical Researcher
71,57,6,6,4,7,Civil Services
85,60,8,4,5,10,Finance Analyst
78,69,9,5,9,4,Software Engineer
33,47,6,9,7,4,UI/UX Designer
63,61,6,7,6,9,Product Manager
61,61,6,7,4,9,Product Manager
48,44,6,10,6,5,UI/UX Designer
75,58,8,7,9,10,Product Manager
56,50,10,8,2,7,Lawyer
55,42,4,9,7,6,Content Creator
77,51,8,3,6,9,Finance Analyst
66,53,9,8,4,9,Lawyer
88,80,9,3,9,1,Cybersecurity Analyst
61,64,6,8,3,5,Teacher
64,48,5,7,5,10,Marketing Manager
51,45,8,7,1,7,Lawyer
64,100,7,5,4,3,Biomedical Researcher
72,68,9,7,2,9,Civil Services
83,68,9,4,9,2,Cybersecurity Analyst
77,76,10,3,8,3,Cybersecurity Analyst
88,77,9,5,9,4,AI Engineer
64,63,5,7,4,9,Product Manager
57,51,9,7,3,7,Lawyer
64,71,7,6,4,7,Civil Services
46,41,5,10,9,5,UI/UX Designer
55,61,5,8,3,9,Marketing Manager
88,64,8,4,5,10,Finance Analyst
85,62,7,3,5,10,Finance Analyst
76,89,7,4,5,2,Biomedical Researcher
58,62,7,7,5,9,Product Manager
78,74,7,5,8,4,Software Engineer
77,72,9,5,10,3,Software Engineer
79,70,7,4,3,10,Finance Analyst
92,87,9,3,10,3,AI Engineer
81,51,7,5,6,10,Finance Analyst
75,70,6,5,8,3,Software Engineer
73,60,8,6,4,8,Civil Services
56,59,10,6,2,7,Lawyer
61,48,6,10,6,4,UI/UX Designer
75,77,7,3,7,5,Data Analyst
51,47,5,9,6,5,UI/UX Designer
84,97,8,5,4,2,Doctor
41,35,4,9,6,5,UI/UX Designer
54,47,7,7,5,10,Marketing Manager
71,70,8,6,2,8,Civil Services
53,46,6,10,7,7,Content Creator
75,64,7,2,6,9,Finance Analyst
57,62,6,8,2,5,Psychologist
77,73,8,4,10,4,Cybersecurity Analyst
51,48,5,9,5,7,Content Creator
80,62,7,8,5,3,Architect
68,34,5,6,4,10,Marketing Manager
57,48,9,8,4,6,Lawyer
92,77,10,4,10,3,AI Engineer
66,60,9,7,3,7,Lawyer
79,79,10,4,10,2,AI Engineer
41,41,4,10,8,7,Content Creator
81,66,9,4,3,10,Finance Analyst
45,38,6,10,5,5,UI/UX Designer
53,46,5,9,6,4,UI/UX Designer
86,72,10,6,8,4,Software Engineer
69,58,8,8,5,9,Product Manager
80,69,7,6,7,4,Software Engineer
69,65,8,6,2,8,Product Manager
85,67,7,4,4,9,Finance Analyst
74,93,8,5,5,1,Biomedical Researcher
74,75,9,4,7,6,Data Analyst
53,64,8,6,3,6,Lawyer
77,67,9,3,10,1,Cybersecurity Analyst
82,99,8,5,5,5,Doctor
81,76,8,5,8,5,Data Analyst
83,100,7,5,3,4,Doctor
81,56,10,3,4,9,Finance Analyst
85,65,7,9,5,4,Architect
57,48,10,8,3,9,Lawyer
50,63,7,8,3,5,Psychologist
57,44,6,10,8,5,UI/UX Designer
66,72,7,9,4,6,Teacher
60,64,7,6,6,9,Product Manager
74,67,7,6,6,6,Teacher
69,69,7,4,7,5,Data Analyst
73,89,8,5,5,2,Biomedical Researcher
72,70,6,6,9,4,Software Engineer
74,87,7,5,10,3,Software Engineer
72,74,7,6,3,8,Civil Services
80,80,8,4,10,3,Cybersecurity Analyst
51,46,5,10,6,5,UI/UX Designer
83,75,9,4,10,3,Cybersecurity Analyst
75,61,8,6,2,8,Civil Services
54,55,9,8,1,8,Lawyer
53,42,9,7,1,7,Lawyer
44,48,5,10,8,8,Content Creator
51,52,6,6,4,9,Marketing Manager
56,76,6,8,3,4,Psychologist
82,64,10,4,5,8,Finance Analyst
84,63,7,4,4,9,Finance Analyst
54,56,6,7,3,5,Psychologist
69,64,5,7,4,5,Teacher
77,57,6,5,4,8,Civil Services
79,64,9,2,5,9,Finance Analyst
78,73,9,3,10,3,Software Engineer
92,88,10,4,10,3,AI Engineer
63,69,7,7,6,9,Product Manager
52,58,5,7,5,10,Marketing Manager
52,53,7,7,2,6,Psychologist
56,60,7,7,3,5,Psychologist
72,71,7,8,6,5,Teacher
55,55,7,7,4,5,Psychologist
93,81,9,4,9,3,AI Engineer
78,56,6,9,4,4,Architect
72,81,8,5,5,4,Biomedical Researcher
49,50,5,7,4,9,Marketing Manager
72,75,8,9,2,5,Architect
68,53,7,6,5,9,Product Manager
92,72,9,7,9,3,Software Engineer
78,89,8,5,9,2,AI Engineer
72,60,8,6,7,5,Data Analyst
46,53,2,7,3,8,Marketing Manager
42,42,4,10,8,5,UI/UX Designer
79,69,8,9,7,3,Architect
78,81,10,5,10,3,Software Engineer
66,48,6,8,5,9,Product Manager
95,89,10,4,9,3,AI Engineer
74,73,10,3,8,3,Cybersecurity Analyst
49,48,10,7,4,7,Lawyer
66,67,7,6,2,7,Civil Services
41,40,4,10,6,7,Content Creator
60,58,7,6,4,8,Civil Services
64,56,6,6,6,9,Product Manager
80,61,8,10,6,5,Architect
72,62,8,6,2,8,Civil Services
68,68,7,7,2,5,Teacher
49,46,5,7,4,9,Marketing Manager
55,75,5,8,4,5,Teacher
83,72,10,3,10,4,Cybersecurity Analyst
71,98,9,6,6,2,Biomedical Researcher
78,67,8,5,9,3,Software Engineer
67,60,8,6,1,7,Lawyer
74,88,7,6,5,1,Biomedical Researcher
79,80,9,2,8,3,Cybersecurity Analyst
61,60,5,8,5,4,Psychologist
87,91,7,5,4,4,Doctor
55,48,5,7,3,8,Marketing Manager
82,51,8,4,4,10,Finance Analyst
53,50,4,9,6,5,UI/UX Designer
63,58,7,6,2,8,Civil Services
76,56,8,6,6,9,Product Manager
77,65,8,2,8,3,Cybersecurity Analyst
71,77,6,3,7,6,Data Analyst
87,79,8,3,10,1,AI Engineer
71,69,8,9,5,3,Architect
49,51,6,9,7,5,UI/UX Designer
52,41,5,10,6,6,Content Creator
84,80,8,4,8,7,Data Analyst
77,93,9,4,7,2,Biomedical Researcher
49,49,3,9,7,7,Content Creator
49,51,5,9,7,5,UI/UX Designer
71,64,7,7,4,9,Product Manager
44,65,5,9,2,3,Psychologist
65,58,8,7,3,7,Civil Services
69,83,6,5,7,5,Data Analyst
68,62,7,6,6,9,Product Manager
79,56,8,10,5,3,Architect
85,100,8,5,4,4,Doctor
82,75,8,5,9,4,Software Engineer
84,99,8,5,2,4,Doctor
63,61,6,8,6,9,Product Manager
85,80,7,2,6,9,Finance Analyst
45,58,6,8,1,6,Psychologist
90,90,9,3,9,3,AI Engineer
52,63,7,8,2,6,Psychologist
75,73,6,5,9,6,Data Analyst
43,37,4,9,5,8,Content Creator
55,38,5,9,7,8,UI/UX Designer
83,83,9,3,10,3,AI Engineer
92,97,8,5,4,4,Doctor
90,59,8,3,5,10,Finance Analyst
82,98,8,3,4,3,Doctor
98,50,8,3,5,9,Finance Analyst
38,49,5,9,7,8,Content Creator
74,62,7,9,5,4,Architect
68,64,7,9,6,9,Product Manager
63,72,4,8,4,5,Psychologist
51,45,6,8,8,7,Content Creator
